% Model,2D_rectangle.mph
% Version,COMSOL 6.3.0.290
% Date,"May 17 2025, 15:20"
% Table,Table 3 - Outlet Concentration
% Time (s),"Molar concentration, c (mol/m^3)"
0,0
1.0E-4,-3.606679E-317
2.0E-4,-1.2790865505E-314
3.0000000000000003E-4,1.655904786253E-311
4.0E-4,1.735398647602473E-306
5.0E-4,1.9794356372428337E-301
6.000000000000001E-4,-5.89673780311248E-295
7.0E-4,2.1488459935980939E-221
8.0E-4,8.123615542770584E-215
9.000000000000001E-4,2.9633525831834147E-208
0.001,1.0275874722456529E-201
0.0011,3.293630358099277E-195
0.0012000000000000001,9.146450220545392E-189
0.0013000000000000002,3.387921162915894E-182
0.0014,1.2819254637707526E-175
0.0015,3.9863336454647636E-169
0.0016,8.762330739126905E-163
0.0017000000000000001,1.2332378446207146E-156
0.0018000000000000002,1.0675110424893048E-150
0.0019,5.646710848277187E-145
0.002,1.83959902994938E-139
0.0021000000000000003,3.7347839314082425E-134
0.0022,6.057736898214167E-129
0.0023,6.940290847102399E-124
0.0024000000000000002,5.403916735880944E-119
0.0025,2.9099725318400447E-114
0.0026000000000000003,1.1012650059063338E-109
0.0027,2.972635445225014E-105
0.0028,5.802554039443252E-101
0.0029000000000000002,8.298741248511814E-97
0.003,8.808943157160837E-93
0.0031000000000000003,7.732038084931575E-89
0.0032,5.306569353175778E-85
0.0033,2.7867374081110003E-81
0.0034000000000000002,1.129442526833726E-77
0.0035,3.561536554124828E-74
0.0036000000000000003,8.806046503654078E-71
0.0037,1.7201121256710997E-67
0.0038,2.6740759047088137E-64
0.0039000000000000003,3.332981744095774E-61
0.004,3.497239176600196E-58
0.0041,3.0102397742820533E-55
0.004200000000000001,2.0996903814061994E-52
0.0043,1.192362308194364E-49
0.0044,5.537163677325741E-47
0.0045000000000000005,2.1117117795062765E-44
0.0046,6.640640563343151E-42
0.0047,1.7285774159928698E-39
0.0048000000000000004,3.7381242805567193E-37
0.0049,6.855189315382969E-35
0.005,1.0538545610352895E-32
0.0051,1.3493485584483317E-30
0.005200000000000001,1.4421982389064498E-28
0.0053,1.2894104170448134E-26
0.0054,9.661495626947295E-25
0.0055000000000000005,6.076951283735462E-23
0.0056,3.2125537278817605E-21
0.0057,1.4283992910003264E-19
0.0058000000000000005,5.372114838791423E-18
0.0059,1.6984995079868742E-16
0.006,4.491252818725396E-15
0.0061,9.916309016048073E-14
0.006200000000000001,1.820955500969164E-12
0.0063,2.77302525632603E-11
0.0064,3.4916816431332546E-10
0.006500000000000001,3.651855856533035E-9
0.0066,3.5222718882430626E-8
0.0067,3.329801542724936E-7
0.0068000000000000005,2.7779931488341873E-6
0.006900000000000001,1.964551316469151E-5
0.007,1.1721775477824465E-4
0.0071,5.893461181229894E-4
0.007200000000000001,0.0024934598547342035
0.0073,0.008864626239190503
0.0074,0.026476999145779334
0.007500000000000001,0.06653862957415879
0.0076,0.1412546900343823
0.0077,0.25580484967461214
0.0078000000000000005,0.4026353976740958
0.0079,0.5657757382209246
0.008,0.7333135621417066
0.0081,0.9015628506023686
0.0082,1.0684337952232783
0.0083,1.234041951646269
0.008400000000000001,1.3990612742677973
0.0085,1.564217490409213
0.0086,1.7299087532367363
0.008700000000000001,1.8960321484764342
0.0088,2.0636608284790485
0.0089,2.2323555386526674
0.009000000000000001,2.402434593090691
0.0091,2.573180406211835
0.0092,2.74606598057165
0.009300000000000001,2.9194224482022424
0.0094,3.0934053243875423
0.0095,3.267305771713287
0.009600000000000001,3.441481393403124
0.0097,3.615781953145287
0.0098,3.7908160344943065
0.0099,3.9645405022270945
0.01,4.13739479559048
0.010100000000000001,4.30838912541314
0.0102,4.477273796601943
0.0103,4.64449949518188
0.010400000000000001,4.809793872096295
0.0105,4.972170956748688
0.0106,5.132854243895989
0.010700000000000001,5.291418731097415
0.0108,5.447574865225493
0.0109,5.601255615248154
0.011000000000000001,5.751283647195249
0.0111,5.8991720020062814
0.0112,6.045876414605936
0.011300000000000001,6.1872475871420525
0.0114,6.326509957830134
0.0115,6.463613806542749
0.011600000000000001,6.598178758250694
0.0117,6.727465197498894
0.0118,6.854829056950307
0.0119,6.979886882547993
0.012,7.100287140166544
0.012100000000000001,7.217963126522282
0.0122,7.3306083748527815
0.0123,7.4384221247035605
0.012400000000000001,7.5462358745543385
0.0125,7.647049409261869
0.0126,7.7457300533308056
0.012700000000000001,7.844054267533588
0.0128,7.9355621462644255
0.0129,8.027070024995258
0.013000000000000001,8.11561321655783
0.0131,8.198215943751473
0.0132,8.280818670945115
0.013300000000000001,8.358874744954807
0.0134,8.43409827049804
0.0135,8.509321796041277
0.013600000000000001,8.577595547544236
0.0137,8.645091696405425
0.013800000000000002,8.710314811279964
0.013900000000000001,8.765362563549603
0.014,8.820410315819235
0.014100000000000001,8.875458068088879
0.0142,8.930505820358515
0.0143,8.985553572628156
0.014400000000000001,9.032492020983039
0.0145,9.07671363665571
0.0146,9.120935252328385
0.014700000000000001,9.165156868001054
0.0148,9.209378483673724
0.0149,9.25056370311043
0.015000000000000001,9.285161270679273
0.0151,9.319758838248104
0.0152,9.354356405816945
0.015300000000000001,9.388953973385778
0.0154,9.42355154095462
0.0155,9.45537200487932
0.015600000000000001,9.485882448935323
0.015700000000000002,9.515395724000042
0.0158,9.543911830073487
0.0159,9.571430767155645
0.016,9.597952535246522
0.0161,9.623477134346123
0.0162,9.648004564454444
0.016300000000000002,9.671534825571479
0.0164,9.69406791769724
0.0165,9.71560430206339
0.0166,9.736176994910615
0.0167,9.755758224279548
0.016800000000000002,9.7743479901702
0.016900000000000002,9.791946292582548
0.017,9.808553131516616
0.0171,9.824168506972391
0.0172,9.83879241894988
0.0173,9.852424867449072
0.017400000000000002,9.865065852469982
0.0175,9.876715374012596
0.0176,9.887589145683295
0.0177,9.89886773301762
0.0178,9.909419930157101
0.0179,9.919245737101736
0.018000000000000002,9.92834515385154
0.0181,9.9367181804065
0.0182,9.944364816766619
0.0183,9.951285062931897
0.0184,9.95747891890233
0.018500000000000003,9.962946384677926
0.018600000000000002,9.96768746025868
0.0187,9.97214815868806
0.0188,9.977208135484778
0.0189,9.981826823557789
0.019,9.986004222907077
0.019100000000000002,9.989740333532648
0.019200000000000002,9.993035155434509
0.0193,9.995888688612647
0.0194,9.998300933067068
0.0195,10.000271888797782
0.0196,10.00180155580477
0.019700000000000002,10.002889934088042
0.0198,10.004064648996843
0.0199,10.005706096716878
0.02,10.007132444473035
0.0201,10.008343692265315
0.020200000000000003,10.009339840093713
0.020300000000000002,10.010120887958243
0.0204,10.010686835858893
0.0205,10.011037683795662
0.0206,10.011173431768556
0.0207,10.011094079777573
0.020800000000000003,10.010799627822715
0.020900000000000002,10.010826229343726
0.021,10.011215624760768
0.0211,10.011561840482981
0.0212,10.01186487651037
0.0213,10.012124732842928
0.021400000000000002,10.01234140948066
0.021500000000000002,10.012514906423567
0.0216,10.012645223671644
0.0217,10.012732361224893
0.0218,10.01277631908332
0.0219,10.01277709724691
0.022000000000000002,10.012734695715677
0.0221,10.012649114489616
0.0222,10.012520353568734
0.0223,10.012348412953019
0.0224,10.012133292642478
0.022500000000000003,10.011874992637104
0.022600000000000002,10.011573512936907
0.0227,10.011228853541883
0.0228,10.010841014452032
0.0229,10.010409995667345
0.023,10.00993579718784
0.023100000000000002,10.009693894670832
0.023200000000000002,10.009511600839165
0.0233,10.009329307007489
0.0234,10.009147013175822
0.0235,10.008964719344153
0.0236,10.008782425512488
0.023700000000000002,10.008600131680815
0.0238,10.008417837849143
0.0239,10.008235544017477
0.024,10.008053250185807
0.0241,10.007870956354138
0.024200000000000003,10.007688662522467
0.024300000000000002,10.0075063686908
0.0244,10.00732407485913
0.0245,10.00714178102746
0.0246,10.00695948719579
0.0247,10.006777193364123
0.024800000000000003,10.006594899532455
0.024900000000000002,10.006412605700785
0.025,10.006230311869112
0.0251,10.006048018037442
0.0252,10.005865724205774
0.0253,10.005683430374104
0.025400000000000002,10.005501136542438
0.025500000000000002,10.005318842710771
0.0256,10.005136548879095
0.0257,10.004954255047428
0.0258,10.00477196121576
0.025900000000000003,10.00458966738409
0.026000000000000002,10.004407373552421
0.0261,10.00422507972075
0.0262,10.00404278588908
0.0263,10.003860492057415
0.0264,10.003678198225746
0.026500000000000003,10.003495904394075
0.026600000000000002,10.003313610562403
0.0267,10.003131316730736
0.0268,10.002949022899065
0.0269,10.002766729067394
0.027,10.002584435235725
0.027100000000000003,10.002402141404056
0.027200000000000002,10.002219847572388
0.0273,10.002037553740719
0.0274,10.00190780481516
0.0275,10.001878301462703
0.027600000000000003,10.001848798110244
0.027700000000000002,10.001819294757784
0.027800000000000002,10.001789791405333
0.0279,10.001760288052875
0.028,10.001730784700412
0.0281,10.001701281347957
0.028200000000000003,10.001671777995496
0.028300000000000002,10.001642274643041
0.0284,10.001612771290583
0.0285,10.001583267938122
0.0286,10.001553764585665
0.0287,10.001524261233213
0.028800000000000003,10.001494757880751
0.028900000000000002,10.001465254528298
0.029,10.001435751175839
0.0291,10.001406247823377
0.0292,10.001376744470923
0.029300000000000003,10.001347241118463
0.029400000000000003,10.001317737766003
0.029500000000000002,10.001288234413554
0.0296,10.00125873106109
0.0297,10.001229227708633
0.0298,10.001199724356171
0.029900000000000003,10.001170221003715
0.030000000000000002,10.001140717651259
0.030100000000000002,10.001111214298804
0.0302,10.001081710946341
0.0303,10.001052207593888
0.0304,10.00102270424143
0.030500000000000003,10.000993200888969
0.030600000000000002,10.000963697536513
0.0307,10.000934194184055
0.0308,10.000904690831591
0.0309,10.00087518747914
0.031,10.000845684126677
0.031100000000000003,10.000816180774223
0.031200000000000002,10.00078667742177
0.0313,10.000757174069308
0.031400000000000004,10.000727670716854
0.0315,10.000698167364392
0.0316,10.00066866401193
0.0317,10.000639160659473
0.0318,10.000609657307017
0.031900000000000005,10.000580153954562
0.032,10.000550650602097
0.032100000000000004,10.000521147249641
0.0322,10.000491643897183
0.0323,10.00046214054473
0.0324,10.000432637192267
0.0325,10.000403133839816
0.032600000000000004,10.000373630487355
0.0327,10.000344127134898
0.0328,10.000314623782442
0.0329,10.000285120429979
0.033,10.000255617077524
0.033100000000000004,10.000226113725066
0.0332,10.000196610372607
0.0333,10.000167107020147
0.0334,10.000146044375189
0.0335,10.000141084976454
0.033600000000000005,10.000136125577708
0.0337,10.000131166178969
0.033800000000000004,10.000126206780225
0.0339,10.000121247381486
0.034,10.000116287982742
0.0341,10.000111328584003
0.0342,10.00010636918526
0.034300000000000004,10.000101409786517
0.0344,10.000096450387778
0.0345,10.000091490989039
0.0346,10.000086531590295
0.0347,10.000081572191554
0.034800000000000005,10.000076612792816
0.0349,10.000071653394068
0.035,10.000066693995334
0.0351,10.000061734596589
0.0352,10.000056775197846
0.035300000000000005,10.000051815799107
0.0354,10.000046856400363
0.035500000000000004,10.000041897001626
0.0356,10.000036937602879
0.0357,10.000031978204142
0.0358,10.0000270188054
0.0359,10.00002205940666
0.036000000000000004,10.000017100007918
0.0361,10.000012140609176
0.0362,10.00000718121043
0.0363,10.000002221811695
0.0364,9.999997262412954
0.036500000000000005,9.999992303014213
0.0366,9.99998734361547
0.0367,9.999982384216723
0.0368,9.999977424817988
0.0369,9.99997246541925
0.037000000000000005,9.999967506020509
0.0371,9.999962546621765
0.037200000000000004,9.999957587223028
0.0373,9.999952627824282
0.0374,9.999947668425541
0.0375,9.9999427090268
0.0376,9.99993774962806
0.037700000000000004,9.999932790229316
0.0378,9.999927830830579
0.0379,9.999922871431831
0.038,9.999917912033094
0.0381,9.99991295263435
0.038200000000000005,9.99990799323561
0.0383,9.99990303383687
0.038400000000000004,9.999898074438125
0.0385,9.999893115039386
0.0386,9.999888155640646
0.038700000000000005,9.999883196241901
0.0388,9.999878236843163
0.038900000000000004,9.99987327744442
0.039,9.999868318045676
0.0391,9.999863358646941
0.0392,9.999858399248195
0.0393,9.99985343984946
0.039400000000000004,9.999850683127487
0.0395,9.999852128689087
0.0396,9.999853574250677
0.0397,9.999855019812275
0.0398,9.999856465373872
0.039900000000000005,9.99985791093547
0.04,9.999859356497067
0.040100000000000004,9.999860802058665
0.0402,9.999862247620257
0.0403,9.999863693181855
0.040400000000000005,9.99986513874345
0.0405,9.999866584305048
0.040600000000000004,9.999868029866645
0.0407,9.999869475428238
0.0408,9.999870920989839
0.0409,9.999872366551429
0.041,9.999873812113028
0.041100000000000005,9.999875257674626
0.0412,9.999876703236222
0.0413,9.999878148797814
0.0414,9.999879594359413
0.0415,9.999881039921009
0.041600000000000005,9.999882485482608
0.0417,9.999883931044206
0.041800000000000004,9.9998853766058
0.0419,9.999886822167397
0.042,9.999888267728995
0.042100000000000005,9.999889713290589
0.0422,9.999891158852186
0.042300000000000004,9.99989260441378
0.0424,9.99989404997538
0.0425,9.999895495536974
0.0426,9.999896941098573
0.0427,9.999898386660167
0.042800000000000005,9.999899832221766
0.0429,9.999901277783357
0.043000000000000003,9.999902723344956
0.0431,9.999904168906548
0.0432,9.99990561446815
0.043300000000000005,9.999907060029745
0.0434,9.999908505591344
0.043500000000000004,9.999909951152938
0.0436,9.999911396714532
0.0437,9.999912842276128
0.0438,9.999914287837727
0.0439,9.999915733399325
0.044000000000000004,9.999917178960919
0.0441,9.999918624522516
0.0442,9.999920070084112
0.0443,9.999921515645708
0.0444,9.999922961207306
0.044500000000000005,9.999924406768901
0.0446,9.999925852330495
0.044700000000000004,9.999927297892096
0.0448,9.99992874345369
0.0449,9.99993018901529
0.045000000000000005,9.999931634576885
0.0451,9.999933080138481
0.045200000000000004,9.999934525700077
0.0453,9.99993597126167
0.0454,9.999937256408716
0.0455,9.999938235515648
0.0456,9.999939214622584
0.045700000000000005,9.999940193729515
0.0458,9.999941172836452
0.0459,9.999942151943385
0.046,9.999943131050317
0.0461,9.99994411015725
0.046200000000000005,9.999945089264186
0.0463,9.999946068371116
0.046400000000000004,9.999947047478052
0.0465,9.999948026584983
0.0466,9.999949005691915
0.046700000000000005,9.999949984798851
0.0468,9.999950963905784
0.046900000000000004,9.999951943012714
0.047,9.99995292211965
0.0471,9.999953901226585
0.0472,9.999954880333517
0.0473,9.999955859440453
0.047400000000000005,9.999956838547389
0.0475,9.99995781765432
0.0476,9.999958796761259
0.0477,9.99995977586819
0.0478,9.999960754975126
0.047900000000000005,9.999961734082055
0.048,9.99996271318899
0.048100000000000004,9.999963692295923
0.0482,9.999964671402857
0.0483,9.999965650509791
0.048400000000000006,9.999966629616724
0.0485,9.999967608723654
0.048600000000000004,9.999968587830592
0.0487,9.999969566937523
0.0488,9.999970546044455
0.0489,9.999971525151391
0.049,9.999972504258325
0.049100000000000005,9.999973483365258
0.0492,9.99997446247219
0.049300000000000004,9.999975441579126
0.0494,9.999976420686057
0.0495,9.999977399792991
0.049600000000000005,9.999978378899925
0.0497,9.999979358006863
0.049800000000000004,9.99998033711379
0.0499,9.999981316220728
0.05,9.99998229532766
0.050100000000000006,9.999983274434594
0.0502,9.99998425354153
0.050300000000000004,9.999985232648461
0.0504,9.999986211755393
0.0505,9.99998719086233
0.0506,9.999988169969262
0.0507,9.999989149076196
0.050800000000000005,9.999990128183132
0.0509,9.999991107290066
0.051000000000000004,9.999992086396993
0.0511,9.999993065503931
0.0512,9.999994044610865
0.051300000000000005,9.999995023717796
0.0514,9.999995720963678
0.051500000000000004,9.99999588047288
0.0516,9.99999603998208
0.0517,9.999996199491282
0.051800000000000006,9.999996359000491
0.0519,9.999996518509692
0.052000000000000005,9.9999966780189
0.0521,9.999996837528094
0.0522,9.999996997037302
0.0523,9.999997156546506
0.0524,9.999997316055707
0.052500000000000005,9.999997475564909
0.0526,9.999997635074116
0.052700000000000004,9.99999779458332
0.0528,9.999997954092521
0.0529,9.999998113601723
0.053000000000000005,9.99999827311093
0.0531,9.999998432620131
0.053200000000000004,9.999998592129332
0.0533,9.999998751638536
0.0534,9.99999891114774
0.053500000000000006,9.99999907065694
0.0536,9.999999230166143
0.053700000000000005,9.999999389675352
0.0538,9.999999549184555
0.0539,9.999999708693757
0.054,9.99999986820296
0.0541,10.000000027712165
0.054200000000000005,10.000000187221367
0.0543,10.000000346730571
0.054400000000000004,10.000000506239768
0.0545,10.00000066574898
0.0546,10.00000082525818
0.054700000000000006,10.000000984767382
0.0548,10.000001144276581
0.054900000000000004,10.000001303785792
0.055,10.000001463294998
0.0551,10.000001622804195
0.055200000000000006,10.0000017823134
0.0553,10.000001941822603
0.055400000000000005,10.000002101331802
0.0555,10.000002260841008
0.055600000000000004,10.000002420350208
0.0557,10.00000257985942
0.0558,10.000002739368616
0.055900000000000005,10.00000289887782
0.056,10.000003058387021
0.056100000000000004,10.000003217896229
0.0562,10.000003377405434
0.0563,10.000003536914633
0.056400000000000006,10.000003696423846
0.0565,10.000003855933043
0.056600000000000004,10.000004015442244
0.0567,10.000004174951448
0.0568,10.000004334460652
0.056900000000000006,10.000004493969856
0.057,10.000004653479055
0.057100000000000005,10.00000481298826
0.0572,10.000004972497464
0.057300000000000004,10.000005132006667
0.0574,10.000005218980974
0.0575,10.000005167572667
0.057600000000000005,10.000005116164344
0.0577,10.00000506475603
0.057800000000000004,10.000005013347712
0.0579,10.000004961939393
0.058,10.000004910531079
0.058100000000000006,10.000004859122763
0.0582,10.000004807714445
0.058300000000000005,10.000004756306131
0.0584,10.000004704897808
0.0585,10.000004653489492
0.058600000000000006,10.000004602081177
0.0587,10.000004550672866
0.058800000000000005,10.000004499264543
0.0589,10.000004447856229
0.059000000000000004,10.000004396447919
0.0591,10.000004345039596
0.0592,10.000004293631275
0.059300000000000005,10.000004242222957
0.0594,10.000004190814643
0.059500000000000004,10.000004139406329
0.0596,10.000004087998011
0.0597,10.000004036589694
0.059800000000000006,10.000003985181378
0.0599,10.000003933773067
0.060000000000000005,10.000003882364744
