% Model,2D_turn.mph
% Version,COMSOL 6.3.0.290
% Date,"May 19 2025, 18:10"
% Table,Table 1 - Outlet Concentration
% Time (s),"Molar concentration, c (mol/m^3)","Molar concentration, c (mol/m^3)"
0,1.4754822793277874E-19,9.964256639679405E-20
2.0E-5,-1.4398272359776786E-20,-1.0606571104346053E-19
4.0E-5,7.428665165419997E-20,-4.030640641413387E-21
6.000000000000001E-5,-9.569849299144307E-20,7.393165487337156E-20
8.0E-5,7.24960818350618E-20,-1.2362798809375933E-19
1.0E-4,5.484287848571533E-20,6.44334421076388E-19
1.2000000000000002E-4,-5.117217889801501E-19,-8.207758019783726E-19
1.4000000000000001E-4,-1.1609149045111807E-18,3.0101060191417054E-19
1.6E-4,1.1610877063742535E-18,2.1223549039550966E-18
1.8E-4,1.1438938632309372E-17,1.6001604335360877E-18
2.0E-4,3.038242638917505E-18,1.6693846305978317E-18
2.2E-4,-3.705865731834195E-17,2.1357704071160335E-17
2.4000000000000003E-4,1.462656579850814E-17,-1.0769008151887051E-16
2.6000000000000003E-4,9.693613356494385E-17,-1.9676721016193976E-16
2.8000000000000003E-4,-7.626039060078343E-16,7.453475566041999E-16
3.0000000000000003E-4,-1.019074638964719E-15,1.7775140117442096E-16
3.2E-4,-1.6336512006708755E-15,-1.520180790688111E-15
3.4E-4,-1.3059801103202473E-14,7.866193483552452E-15
3.6E-4,-9.226587734988999E-14,9.37383653855595E-15
3.8E-4,-5.051598845415875E-13,-2.1361444262528774E-14
4.0E-4,-1.9025681693570985E-12,1.3449955706553004E-13
4.2E-4,-5.638176258149612E-12,1.0307975024610389E-13
4.4E-4,-9.50437271682478E-12,-2.742629148208643E-12
4.6E-4,-8.50857028247393E-12,-9.945094588526542E-12
4.8000000000000007E-4,-2.0142949945774674E-11,-1.1005581003714376E-11
5.0E-4,-3.789383913213602E-11,1.1266254738137031E-11
5.200000000000001E-4,3.2583530089342887E-10,4.486545402932042E-11
5.4E-4,2.0509444166346117E-9,5.927761937639347E-11
5.600000000000001E-4,4.160469770816623E-9,1.236444471622393E-10
5.8E-4,-6.254078803688588E-9,4.268674461463071E-10
6.000000000000001E-4,-6.958590835242592E-8,1.022182385676897E-9
6.2E-4,-2.289019010394145E-7,1.5626685197200324E-9
6.4E-4,3.100636158381718E-7,4.085019403892365E-9
6.600000000000001E-4,7.820532773345631E-6,6.579146503904865E-8
6.8E-4,5.4257716625862614E-5,6.538850391576852E-7
7.000000000000001E-4,2.648435607777488E-4,4.3480474159705815E-6
7.2E-4,0.0010510962700734764,2.3148165998944018E-5
7.400000000000001E-4,0.003558405092381544,9.991038720578875E-5
7.6E-4,0.010543727382877604,3.6568237246487365E-4
7.800000000000001E-4,0.027748526344762922,0.0011709131079543774
8.0E-4,0.06540646714034519,0.00335975529237764
8.200000000000001E-4,0.13915050192125575,0.008741359994014354
8.4E-4,0.26857060192964055,0.02060797619470256
8.600000000000001E-4,0.4734137023178379,0.04451381716449726
8.8E-4,0.7657352404990351,0.0887752442592821
9.000000000000001E-4,1.1415284691954828,0.16455593239944918
9.2E-4,1.577177653916031,0.28421494824459725
9.400000000000001E-4,2.032255753816185,0.45930061764529007
9.600000000000001E-4,2.458035343794871,0.696923820582579
9.800000000000002E-4,2.8131653887866994,0.9952897175674107
0.001,3.0760077343630843,1.34136342764917
0.00102,3.241194256430324,1.7127396966332182
0.0010400000000000001,3.31169902236639,2.0778751586926383
0.0010600000000000002,3.298567212502048,2.4009143361817347
0.00108,3.215313307401678,2.652934888710323
0.0011,3.066729724956425,2.826241000026484
0.0011200000000000001,2.856949876278054,2.931233538710267
0.0011400000000000002,2.604095087608237,2.9735315079199633
0.00116,2.3365138003791723,2.950717241490605
0.00118,2.0785195596294663,2.8600798939720433
0.0012000000000000001,1.8559651577392793,2.704217725957679
0.0012200000000000002,1.6818193342181034,2.507347454054236
0.00124,1.5521235847103174,2.3006455689206153
0.00126,1.4542060508264727,2.105867535878437
0.00128,1.3764524533141629,1.9367896440847756
0.0013000000000000002,1.312657547551748,1.795882977542266
0.0013200000000000002,1.2597026273143725,1.6802588463672956
0.00134,1.2160609681527874,1.5873552510489382
0.00136,1.179226589259105,1.513438234509675
0.0013800000000000002,1.146937336438347,1.4547011735040256
0.0014000000000000002,1.118480804756582,1.407502824548155
0.00142,1.0928345567988897,1.368576740638309
0.00144,1.0690388418434265,1.3351951261148114
0.0014600000000000001,1.0468087229096315,1.305093433384095
0.0014800000000000002,1.0259329379803561,1.2763904451143238
0.0015,1.006263064053208,1.2493919665937085
0.00152,0.9875971881397185,1.223194228636872
0.0015400000000000001,0.969829399195845,1.1981761261723018
0.0015600000000000002,0.9527699671766997,1.173786742039986
0.00158,0.9361972165824983,1.1501482338036837
0.0016,0.9200884222254267,1.1273052513400375
0.0016200000000000001,0.9043571996439412,1.1052593153428347
0.0016400000000000002,0.8889657596099725,1.0839820162809513
0.0016600000000000002,0.8739251828709296,1.0634263910232793
0.00168,0.8592307256362437,1.043571319237196
0.0017000000000000001,0.8448691923787105,1.0240966859689355
0.0017200000000000002,0.830820096759806,1.0051380492595394
0.0017400000000000002,0.8170717341047126,0.9863891077415751
0.00176,0.8036104703050997,0.9679264568469823
0.0017800000000000001,0.7903969786902652,0.9496630602312293
0.0018000000000000002,0.7773959546890721,0.9315627925524391
0.0018200000000000002,0.764544180916683,0.9136366147534241
0.00184,0.7517554344617173,0.8958476485828549
0.00186,0.7390081710738429,0.8782125251362537
0.0018800000000000002,0.7262518496289216,0.8607137140956265
0.0019000000000000002,0.7134473372791644,0.8433587152878851
0.0019200000000000003,0.7005924318086703,0.8261349482731789
0.00194,0.6876780619567091,0.8090459036514033
0.0019600000000000004,0.6747065358774565,0.792079742796275
0.00198,0.6616934392256889,0.7752328390256201
0.002,0.6486513249410644,0.7585059264593821
0.00202,0.6356035043747077,0.741894569204715
0.00204,0.6225742122817657,0.7253996011534426
0.00206,0.6095752318021164,0.7090123215174625
0.0020800000000000003,0.5966260885880937,0.6927364917452455
0.0021000000000000003,0.5837283790505373,0.6765701511755551
0.0021200000000000004,0.5708841732101431,0.6605138957938352
0.00214,0.5580976338421195,0.6445941057994289
0.00216,0.5453673633061278,0.6288171798715758
0.00218,0.5327123325882389,0.6132041705154608
0.0022,0.5201362338704426,0.5977938732589402
0.00222,0.5076323249515612,0.5825759560458537
0.0022400000000000002,0.4952156305256117,0.56760574512714
0.0022600000000000003,0.48288478080529196,0.5528590655620844
0.0022800000000000003,0.47063665138847466,0.5383762966527322
0.0023000000000000004,0.4585117927190539,0.5241441279166598
0.00232,0.4464977137199784,0.510167643129319
0.00234,0.4345905824674662,0.49644804387340064
0.00236,0.4228443643236709,0.48297281199851166
0.00238,0.4112332395356239,0.46972816113345134
0.0024000000000000002,0.3997585319912727,0.4567218006680371
0.0024200000000000003,0.3884376681948541,0.4439537306022687
0.0024400000000000003,0.3772616907919545,0.43142395093614616
0.0024600000000000004,0.3662292719963271,0.41914612046366845
0.00248,0.3553343342828523,0.4071118887635801
0.0025,0.34458023458434245,0.3953210368251888
0.00252,0.33396736837494073,0.3837735646484947
0.00254,0.323496689438111,0.37245502621879406
0.00256,0.3131676186096791,0.36135591265857814
0.0025800000000000003,0.30298755256215265,0.35048830727435226
0.0026000000000000003,0.2929664004744413,0.33985221006611704
0.0026200000000000004,0.2830972617772809,0.3294476210338719
0.0026400000000000004,0.2733972578459217,0.3192322801407705
0.00266,0.2638783485231742,0.30923287218531736
0.00268,0.25453006418229596,0.2994495189866545
0.0027,0.2453838784033124,0.28988222054478235
0.00272,0.23644832668071594,0.2805162407132597
0.0027400000000000002,0.22771098994207042,0.2713430368144555
0.0027600000000000003,0.21920968250294,0.26237419226943176
0.0027800000000000004,0.21094309988642268,0.2536097070781883
0.0028000000000000004,0.2029022666915332,0.2450495100757894
0.00282,0.1951092909265255,0.23668660941228262
0.00284,0.18755832836446212,0.22852548164717906
0.00286,0.18024678164373803,0.2205661267804793
0.00288,0.1731618556233259,0.21280854481218306
0.0029000000000000002,0.16630922754383085,0.20524234948360584
0.0029200000000000003,0.15968678720991408,0.19786228632400932
0.0029400000000000003,0.15325782687946504,0.19067602735505249
0.0029600000000000004,0.14704095254431987,0.18368357257673523
0.0029800000000000004,0.14102969389753306,0.17688422432910236
0.003,0.13518910869735792,0.1702487360878211
0.00302,0.12953816112744862,0.16379600600546773
0.00304,0.124068791614006,0.15752603408204235
0.0030600000000000002,0.11875877845246205,0.15143882031754502
0.0030800000000000003,0.11362129752977389,0.1455156224983083
0.0031000000000000003,0.1086493163504004,0.13974826132583573
0.0031200000000000004,0.10383208197463477,0.1341497444129925
0.0031400000000000004,0.09917681845358685,0.1287200717597784
0.00316,0.0946773502223048,0.1234582802103089
0.00318,0.09032862498015366,0.1183391692319622
0.0032,0.08613479113880604,0.11337917873442958
0.00322,0.08208979531523375,0.10857830871771103
0.0032400000000000003,0.07819149674672814,0.10393654423273971
0.0032600000000000003,0.07444253872579698,0.09942916694948539
0.0032800000000000004,0.07083578312387234,0.09507109804398406
0.0033000000000000004,0.06737104529517397,0.09086233751623582
0.0033200000000000005,0.0640502423805199,0.08680288536624063
0.00334,0.060863988141182476,0.08287763140173222
0.00336,0.05781433055684716,0.07909484440214422
0.00338,0.054902599618673276,0.07545505656534182
0.0034000000000000002,0.052111973937428224,0.07195826789132512
0.0034200000000000003,0.0494493035390433,0.06858602013743262
0.0034400000000000003,0.04691428397015628,0.06534726250655201
0.0034600000000000004,0.04448380476476957,0.06224336542824521
0.0034800000000000005,0.042169423878772934,0.05927432890251229
0.0035,0.039967666105800465,0.05640931504681724
0.00352,0.037856056957497386,0.05366116478548319
0.00354,0.035846593138469086,0.051033484160204944
0.0035600000000000002,0.03393326642979309,0.04852627317098248
0.0035800000000000003,0.03209706773980482,0.046108480872709044
0.0036000000000000003,0.030349021811119578,0.04379069548169774
0.0036200000000000004,0.028682462063739346,0.04157800492992955
0.0036400000000000004,0.027085773221947117,0.03947040921740449
0.0036600000000000005,0.025566509920015308,0.03744287665215814
0.00368,0.024117929804887563,0.03550185235164544
0.0037,0.0227336316312621,0.03365273562573421
0.00372,0.021418589394251557,0.031895526474424465
0.0037400000000000003,0.020166683269557895,0.030210149739325346
0.0037600000000000003,0.01897520407070477,0.02859990676515324
0.0037800000000000004,0.017847101379070144,0.027070284215585234
0.0038000000000000004,0.016775740332839004,0.025621282090621325
0.0038200000000000005,0.015760521787589563,0.024238425620730968
0.0038400000000000005,0.014803448172948788,0.022922585646143905
0.00386,0.013895095178734737,0.02167865077146172
0.00388,0.013037058728258511,0.020506620996684353
0.0039000000000000003,0.012230914913900924,0.019389838662765266
0.003920000000000001,0.011464874703409862,0.01832734458187829
0.00394,0.010743286716036396,0.017325973520664395
0.00396,0.010066589062239747,0.016385725479123446
0.00398,0.009422192538179035,0.015489211528910416
0.004,0.008816312600582245,0.014633099926480183
0.00402,0.008247781545810498,0.013825958729901755
0.00404,0.007707369479620414,0.013067787939175146
0.00406,0.00719992628860898,0.01234389333905848
0.00408,0.0067236412517868785,0.011649197259529058
0.0041,0.006271905805485194,0.010992328312860004
0.00412,0.005848474653362316,0.010373286499051311
0.0041400000000000005,0.005451140743233835,0.009781198787864799
0.0041600000000000005,0.005075524434808002,0.009210364499890286
0.0041800000000000006,0.004724391629316019,0.008668358632951413
0.004200000000000001,0.004395133511912849,0.008155181187048183
0.004220000000000001,0.004084895386369211,0.0076656200491173054
0.004240000000000001,0.00379579121911382,0.0071958475227313756
0.004260000000000001,0.003524747452156442,0.006750164075900435
0.00428,0.0032701069558829913,0.006328569708624518
0.0043,0.003033501531854096,0.005928278553041544
0.00432,0.002811665616180667,0.005546546714948866
0.00434,0.0026040792012455008,0.005186098631566753
0.00436,0.0024118435830400874,0.004846934302895197
0.00438,0.0022313744983542575,0.004526616314805675
0.0044,0.002063093304548323,0.004222002933743428
0.00442,0.0019076961665029691,0.003935929139531738
0.00444,0.0017616732793765857,0.0036683949321706026
0.00446,0.0016261776103774447,0.003417090204450597
0.0044800000000000005,0.0015014862126439999,0.003178166887901498
0.0045000000000000005,0.00138406531482238,0.0029548411344664564
0.004520000000000001,0.0012756380452355809,0.0027471129441454726
0.004540000000000001,0.001175930333612591,0.0025528894037822715
0.004560000000000001,0.0010822162515165524,0.0023676809340649435
0.004580000000000001,9.95906857000456E-4,0.0021950104216857096
0.004600000000000001,9.16535107613425E-4,0.00203487786664457
0.00462,8.421205550528793E-4,0.0018858186400811554
0.00464,7.737669445418379E-4,0.0017437671954268188
0.00466,7.108575057118256E-4,0.001611748893170489
0.00468,6.519973892891507E-4,0.0014897637333121652
0.0047,5.980440903984992E-4,0.0013768239502407887
0.00472,5.483323349173146E-4,0.0012693309308022484
0.00474,5.020272929333078E-4,0.0011698438131588084
0.00476,4.597214632680992E-4,0.001078362597310471
0.00478,4.2068969317325835E-4,9.942187196827338E-4
0.0048000000000000004,3.8446496537053763E-4,9.141283771292611E-4
0.0048200000000000005,3.514707501424376E-4,8.403367169396893E-4
0.0048400000000000006,3.2098496647324623E-4,7.728437391140179E-4
0.004860000000000001,2.9283924329596663E-4,7.112101807212932E-4
0.004880000000000001,2.673044634048648E-4,6.523856246973646E-4
0.004900000000000001,2.436511280586942E-4,5.983847996183204E-4
0.004920000000000001,2.2192487625398105E-4,5.492077054841618E-4
0.004940000000000001,2.022882437564877E-4,5.045985486417973E-4
0.00496,1.8402687077559616E-4,4.618123901458311E-4
0.00498,1.67345022510694E-4,4.226074196158759E-4
0.005,1.5231851607057094E-4,3.869836370519326E-4
0.00502,1.3829150749498337E-4,3.548319931443648E-4
0.00504,1.2556624231878802E-4,3.2394195314467447E-4
0.00506,1.1411307775641856E-4,2.956910160208628E-4
0.00508,1.0342884141040358E-4,2.700791817729301E-4
0.0051,9.377030063418488E-5,2.470884362529209E-4
0.00512,8.506919858798102E-5,2.2509334948272213E-4
0.0051400000000000005,7.69860127885135E-5,2.050819611819276E-4
0.0051600000000000005,6.970657359122146E-5,1.8705427135053766E-4
0.005180000000000001,6.314148835125497E-5,1.7060448778030715E-4
0.005200000000000001,5.705994174353044E-5,1.5509108016000997E-4
0.005220000000000001,5.160035769962336E-5,1.4102202909913153E-4
0.005240000000000001,4.666440653599385E-5,1.2839733459767176E-4
0.005260000000000001,4.211108328851315E-5,1.1662587471210653E-4
0.005280000000000001,3.803674464041855E-5,1.057684325179129E-4
0.0053,3.434152477712426E-5,9.598832952149983E-5
0.00532,3.094967970121544E-5,8.723367704444576E-5
0.00534,2.792529421524801E-5,7.892085726756059E-5
0.00536,2.517044990345643E-5,7.140097386556684E-5
0.00538,2.2654529788255404E-5,6.467402683846457E-5
0.0054,2.0418245606584153E-5,5.85392150985514E-5
0.00542,1.837201356935738E-5,5.2804938712474476E-5
0.00544,1.6516195756007913E-5,4.7650089747030926E-5
0.0054600000000000004,1.4873467539403675E-5,4.307466820222076E-5
0.0054800000000000005,1.336059367022525E-5,3.881136800611875E-5
0.0055000000000000005,1.1997634868515575E-5,3.4935961122580154E-5
0.005520000000000001,1.0795389637852659E-5,3.149384109085262E-5
0.005540000000000001,9.680441771340054E-6,2.835975902335113E-5
0.005560000000000001,8.684010004123068E-6,2.5461797782831224E-5
0.005580000000000001,7.805487743278375E-6,2.2876954730583287E-5
0.005600000000000001,6.98962729157757E-6,2.0566596780243156E-5
0.005620000000000001,6.264238280127711E-6,1.841424235591337E-5
0.00564,5.623100241852595E-6,1.6494554550496308E-5
0.00566,5.0294480544080485E-6,1.4807533363991783E-5
0.00568,4.503063886088468E-6,1.3222090118576345E-5
0.0057,4.036212504886887E-6,1.180729324326652E-5
0.00572,3.6060210054271974E-6,1.0563535491075973E-5
0.00574,3.2258959723544897E-6,9.423509633318994E-6
0.00576,2.887417536783197E-6,8.388327839828816E-6
0.00578,2.5768185230406707E-6,7.4774851443953445E-6
0.0058000000000000005,2.3031920578162803E-6,6.662325626870194E-6
0.0058200000000000005,2.058326707341388E-6,5.911048203474414E-6
0.005840000000000001,1.8349649166899494E-6,5.249622827052429E-6
0.005860000000000001,1.6388940624965086E-6,4.671028825768771E-6
0.005880000000000001,1.4624090550069276E-6,4.134549295210384E-6
0.005900000000000001,1.3024400907617702E-6,3.664208590978603E-6
0.005920000000000001,1.1625273346623888E-6,3.253125627401662E-6
0.005940000000000001,1.035688228730547E-6,2.8725812592978813E-6
0.005960000000000001,9.215152813004997E-7,2.538849848165815E-6
0.00598,8.220009272466098E-7,2.2462641564034918E-6
0.006,7.310880141486628E-7,1.9776184000549904E-6
0.00602,6.499486233575451E-7,1.7431059331466294E-6
0.00604,5.795192704883337E-7,1.537619006177127E-6
0.00606,5.145439641756256E-7,1.3496095220025136E-6
0.00608,4.570610165936053E-7,1.1862855919021353E-6
0.0061,4.072129283119333E-7,1.0431796708283815E-6
0.0061200000000000004,3.610143599408798E-7,9.127035039417581E-7
0.0061400000000000005,3.204452061214766E-7,7.999004442494833E-7
0.0061600000000000005,2.85146612303128E-7,7.010132824846667E-7
0.006180000000000001,2.5255412810132914E-7,6.112641113095059E-7
0.006200000000000001,2.240254981413515E-7,5.340853757703272E-7
0.006220000000000001,1.9909421805107224E-7,4.665789863715348E-7
0.006240000000000001,1.7617343891417087E-7,4.060310931120714E-7
0.006260000000000001,1.5617367081879745E-7,3.5459667436953487E-7
0.006280000000000001,1.386020507419171E-7,3.0826170389980375E-7
0.006300000000000001,1.2254065582749788E-7,2.677217532537227E-7
0.00632,1.0857736735403358E-7,2.3307957457154041E-7
0.00634,9.623194111735526E-8,2.0168607224566949E-7
0.00636,8.501365241455005E-8,1.7487398891841825E-7
0.00638,7.529422994160074E-8,1.5153929362664262E-7
0.0064,6.663783474296437E-8,1.3080762310630666E-7
0.00642,5.883040552627427E-8,1.1334940839506046E-7
0.00644,5.2092727420510775E-8,9.767443610186265E-8
0.0064600000000000005,4.603998708006171E-8,8.41625261696848E-8
0.0064800000000000005,4.062406614467255E-8,7.27377403954036E-8
0.006500000000000001,3.596798100796039E-8,6.242766618411137E-8
0.006520000000000001,3.174502428249166E-8,5.373636671974185E-8
0.006540000000000001,2.8001975058470344E-8,4.6208188998084154E-8
0.006560000000000001,2.4797928702905207E-8,3.9570849628243946E-8
0.006580000000000001,2.1857214836743254E-8,3.405891255154533E-8
0.006600000000000001,1.9275888233379716E-8,2.913599683794988E-8
0.006620000000000001,1.707118003898864E-8,2.497863009373823E-8
0.006640000000000001,1.502967516997952E-8,2.142373482716748E-8
0.00666,1.3256064924250069E-8,1.830185643790999E-8
0.00668,1.1735207056310969E-8,1.5696988893046253E-8
0.0067,1.0333040225481986E-8,1.3374928264128566E-8
0.00672,9.119462543655561E-9,1.1439970388731149E-8
0.00674,8.073870006315408E-9,9.756369763909142E-9
0.00676,7.1151382257071684E-9,8.316514521370335E-9
0.0067800000000000004,6.2888988647694704E-9,7.107754100860238E-9
0.0068000000000000005,5.573070376440438E-9,6.0442180507663426E-9
0.0068200000000000005,4.920804837050481E-9,5.171503407179335E-9
0.006840000000000001,4.3612744478015234E-9,4.391799997268984E-9
0.006860000000000001,3.873154315594972E-9,3.742773058094676E-9
0.006880000000000001,3.431399587909735E-9,3.191347188681069E-9
0.006900000000000001,3.0541455958189206E-9,2.7178715958233177E-9
0.006920000000000001,2.7226724447892246E-9,2.329410551263076E-9
0.006940000000000001,2.4259019228931204E-9,1.9841660708870274E-9
0.006960000000000001,2.17427155321598E-9,1.7015412643785643E-9
0.006980000000000001,1.9492469166950267E-9,1.4540028938945923E-9
0.007,1.747186447606885E-9,1.2440878339595724E-9
0.00702,1.574694799898558E-9,1.067565007854743E-9
0.00704,1.4181534135127641E-9,9.121497120404901E-10
0.00706,1.2787851045580968E-9,7.843715727646918E-10
0.00708,1.1594316241004734E-9,6.704884047531989E-10
0.0071,1.0497233659205242E-9,5.762758011218612E-10
0.0071200000000000005,9.5284349922448E-10,4.955557738223335E-10
0.0071400000000000005,8.697777581171804E-10,4.2622011587956136E-10
0.0071600000000000006,7.920737867182636E-10,3.6882670091450006E-10
0.007180000000000001,7.237684249427081E-10,3.1795472839752606E-10
0.007200000000000001,6.644126235827892E-10,2.75771235912711E-10
0.007220000000000001,6.084674544300424E-10,2.375527807280786E-10
0.007240000000000001,5.587789483325819E-10,2.0515792205108054E-10
0.007260000000000001,5.146652580900579E-10,1.757612617295789E-10
0.007280000000000001,4.729929374627059E-10,1.502849580310689E-10
0.007300000000000001,4.3549196684367415E-10,1.2747232726173042E-10
0.007320000000000001,4.01528154834906E-10,1.0738579559509435E-10
0.00734,3.695669030493419E-10,8.957349695954149E-11
0.00736,3.405394845142225E-10,7.381376265189136E-11
0.00738,3.1392385311345005E-10,5.99662547396388E-11
0.0074,2.8901829073772484E-10,4.770754648705143E-11
0.00742,2.663109976566619E-10,3.704712657896622E-11
0.00744,2.453555804738154E-10,2.7621406114151478E-11
0.0074600000000000005,2.2583893854602142E-10,1.9522774936925905E-11
0.0074800000000000005,2.0803468489967536E-10,1.238345729949788E-11
0.007500000000000001,1.9153397687325285E-10,6.336738901412336E-12
0.007520000000000001,1.7622512341088768E-10,1.0331433342445064E-12
0.007540000000000001,1.6226986498468947E-10,-3.393199454688228E-12
0.007560000000000001,1.4928485671312162E-10,-7.218694359202429E-12
0.007580000000000001,1.3728276044408725E-10,-1.0371511874541643E-11
0.007600000000000001,1.2635485615869046E-10,-1.3017734902918495E-11
0.007620000000000001,1.1614448009524264E-10,-1.5165381037871363E-11
0.007640000000000001,1.0674551418312949E-10,-1.6893561184969854E-11
0.007660000000000001,9.820007213728654E-11,-1.825651196522092E-11
0.007680000000000001,9.01805319851881E-11,-1.9273917151464313E-11
0.0077,8.283196795725487E-11,-2.001761608238948E-11
0.00772,7.61457781309374E-11,-2.050530068110763E-11
0.00774,6.987249186591986E-11,-2.0789211868085017E-11
0.00776,6.413851456414038E-11,-2.0891023149145176E-11
0.0077800000000000005,5.891193482503086E-11,-2.0841306559228323E-11
0.0078000000000000005,5.4019672385421255E-11,-2.06642524309623E-11
0.00782,4.95556228321651E-11,-2.0376231711240762E-11
0.007840000000000001,4.5478063521376077E-11,-2.0018661932106226E-11
0.00786,4.167156597163827E-11,-1.960164780452157E-11
0.00788,3.820453175758816E-11,-1.911432367020175E-11
0.0079,3.502984577355936E-11,-1.8556689529146698E-11
0.00792,3.2075229979465035E-11,-1.7989636588174853E-11
0.007940000000000001,2.9389200898315856E-11,-1.7387248967636393E-11
0.00796,2.6922512735381244E-11,-1.674341811562071E-11
0.007980000000000001,2.4634722207912867E-11,-1.6059427876344615E-11
0.008,2.2558987844010786E-11,-1.54143639082078E-11
0.008020000000000001,2.0646286660256314E-11,-1.476113617859835E-11
0.00804,1.8879176462895214E-11,-1.4099744687516379E-11
0.008060000000000001,1.7279117488896915E-11,-1.34359662322104E-11
0.00808,1.5798946245082412E-11,-1.2807014958292658E-11
0.008100000000000001,1.4437368953643468E-11,-1.2188757334616977E-11
0.00812,1.320709076826907E-11,-1.1581193361183452E-11
0.008140000000000001,1.2063883337239189E-11,-1.0988658503597913E-11
0.00816,1.1017344150605207E-11,-1.0422402832885286E-11
0.008180000000000002,1.0073767767632572E-11,-9.874168219887938E-12
0.0082,9.192505554106905E-12,-9.343954664605958E-12
0.00822,8.390072358618515E-12,-8.833274066983822E-12
0.00824,7.666790138722261E-12,-8.343921405249425E-12
0.00826,6.9901290861643575E-12,-7.874279851461623E-12
0.008280000000000001,6.3763525816198395E-12,-7.424349405620336E-12
0.0083,5.822010194338177E-12,-6.993627494467762E-12
0.008320000000000001,5.3046813261579E-12,-6.581885106217186E-12
0.00834,4.836329071168054E-12,-6.189440210327161E-12
0.008360000000000001,4.41227676690455E-12,-5.81629280679761E-12
0.00838,4.01767613161886E-12,-5.460411589174863E-12
0.008400000000000001,3.661134159446899E-12,-5.121783305878273E-12
0.00842,3.3373469877921438E-12,-4.8011446370751314E-12
0.008440000000000001,3.0370434176549517E-12,-4.4984955827653855E-12
0.00846,2.766248828821463E-12,-4.210283794115428E-12
0.008480000000000001,2.5194592572417314E-12,-3.93756741394868E-12
0.0085,2.2914301622967658E-12,-3.680979575109773E-12
0.008520000000000002,2.0862315008569726E-12,-3.440520277598659E-12
0.00854,1.8984523516212106E-12,-3.211215846088642E-12
0.00856,1.7256847757130122E-12,-2.9956434101582685E-12
0.00858,1.5705430735781158E-12,-2.7940199617187063E-12
0.0086,1.4279007575133662E-12,-2.605987613004148E-12
0.008620000000000001,1.2972863235579402E-12,-2.426590966029481E-12
0.00864,1.1802513797471693E-12,-2.2588875536920787E-12
0.008660000000000001,1.0720689321406533E-12,-2.102877375991912E-12
0.00868,9.735334922180486E-13,-1.9576308897551255E-12
0.008700000000000001,8.854387006571226E-13,-1.8193443323426915E-12
0.00872,8.035165502235457E-13,-1.6906113882977604E-12
0.008740000000000001,7.293371681232382E-13,-1.5714320576203126E-12
0.00876,6.630870692679948E-13,-1.4604178837105297E-12
0.008780000000000001,6.012231319952313E-13,-1.3550437552675126E-12
0.0088,5.454940879890146E-13,-1.25731550568337E-12
0.008820000000000001,4.955969895429089E-13,-1.1672331349580851E-12
0.00884,4.491243730240528E-13,-1.0831065297516952E-12
0.008860000000000002,4.0734076392991855E-13,-1.0035781921351441E-12
0.00888,3.6981570240034356E-13,-9.300686510651083E-13
0.0089,3.3497237623379607E-13,-8.625779065415823E-13
0.00892,3.0370621645279273E-13,-7.992692218128527E-13
0.00894,2.7552531563643695E-13,-7.397263319380398E-13
0.008960000000000001,2.4945034743974924E-13,-6.848588555635631E-13
0.00898,2.2609935646583194E-13,-6.34666792689431E-13
0.009000000000000001,2.0496420561668169E-13,-5.872953361846452E-13
0.00902,1.8548692251091427E-13,-5.430148432483775E-13
0.009040000000000001,1.6808023181970667E-13,-5.023271891578541E-13
0.00906,1.522494329460314E-13,-4.652323739130821E-13
0.009080000000000001,1.377265568822344E-13,-4.299518028729525E-13
0.0091,1.2477488036880036E-13,-3.9720863473733495E-13
0.009120000000000001,1.1293146347972955E-13,-3.672019708420343E-13
0.00914,1.0212175884320789E-13,-3.399210245541884E-13
0.009160000000000001,9.250231626862484E-14,-3.1375728569075043E-13
0.00918,8.365208228918147E-14,-2.896625464732476E-13
0.009200000000000002,7.56199913605428E-14,-2.676368069016757E-13
0.00922,6.848811721779985E-14,-2.4753484928178633E-13
0.00924,6.188177911046019E-14,-2.2832315576152196E-13
0.009260000000000001,5.5923669737849693E-14,-2.1066622976516435E-13
0.00928,5.064397454138568E-14,-1.945640712927169E-13
0.009300000000000001,4.5719464930484424E-14,-1.7979449963250753E-13
0.00932,4.1307704565541356E-14,-1.6573957322612066E-13
0.009340000000000001,3.738709514673525E-14,-1.52847013433055E-13
0.00936,3.3741472473680596E-14,-1.4111682025331283E-13
0.009380000000000001,3.0482691459323534E-14,-1.3029121535117857E-13
0.0094,2.7577436825958726E-14,-1.200420111295204E-13
0.009420000000000001,2.4883890127594642E-14,-1.1065805472253414E-13
0.00944,2.2481052823715502E-14,-1.0213934613022128E-13
0.009460000000000001,2.0329916377345814E-14,-9.422064383570902E-14
0.00948,1.834197024831395E-14,-8.676799942676129E-14
0.009500000000000001,1.657159187797576E-14,-7.995706315385198E-14
0.00952,1.4978503332271357E-14,-7.378783501698228E-14
0.009540000000000002,1.351198991250343E-14,-6.800551589785292E-14
0.00956,1.2208009008386803E-14,-6.260028305729086E-14
0.00958,1.1027697694927072E-14,-5.766946687179952E-14
0.009600000000000001,9.945920472677513E-15,-5.321306734137856E-14
0.00962,8.985426215071145E-15,-4.899713765312308E-14
0.009640000000000001,8.110407016935027E-15,-4.5086100754323075E-14
0.00966,7.312444524243834E-15,-4.152485451640457E-14
0.009680000000000001,6.605007019305714E-15,-3.831339893936692E-14
0.0097,5.955977636527696E-15,-3.524375306322507E-14
0.009720000000000001,5.367319976753585E-15,-3.242021151814032E-14
0.00974,4.846213537938867E-15,-2.9853978254753305E-14
0.009760000000000001,4.3645825091560805E-15,-2.7535806363492123E-14
0.00978,3.930424140823315E-15,-2.531345767182914E-14
0.009800000000000001,3.5467344021687833E-15,-2.3280194983078415E-14
0.00982,3.189422915732115E-15,-2.1436018297240273E-14
0.009840000000000002,2.8695707146831557E-15,-1.9760347016236726E-14
0.00986,2.5862478149591265E-15,-1.8162003039935652E-14
0.009880000000000002,2.322775614417034E-15,-1.670252428671981E-14
0.0099,2.087662172824249E-15,-1.538191075658947E-14
0.00992,1.878741531300484E-15,-1.4173713216961781E-14
0.009940000000000001,1.6851949825059454E-15,-1.3026497131921528E-14
0.00996,1.5129413098636656E-15,-1.1980449846927399E-14
0.009980000000000001,1.359371880663019E-15,-1.1035571361979213E-14
0.01,1.2177284537037186E-15,-1.0163648727898333E-14
0.010020000000000001,1.0920616475581496E-15,-9.340176358799257E-15
0.01004,9.796155079572087E-16,-8.589968097310941E-15
0.010060000000000001,8.76424878758145E-16,-7.91302394343325E-15
0.01008,7.851969459196939E-16,-7.282227986430847E-15
0.010100000000000001,7.032158877835557E-16,-6.690349696348028E-15
0.01012,6.284137110543925E-16,-6.1514699597108026E-15
0.010140000000000001,5.625372932533794E-16,-5.6655887765190685E-15
0.01016,5.030278732973101E-16,-5.208180020000788E-15
0.010180000000000002,4.490800835860805E-16,-4.782155450688554E-15
0.0102,4.0176048895725704E-16,-4.394552988247938E-15
0.010220000000000002,3.5873798127017044E-16,-4.045372632678872E-15
0.01024,3.2001844925341366E-16,-3.713298337090675E-15
0.01026,2.8619376839442123E-16,-3.406580946494694E-15
0.010280000000000001,2.5519858178755614E-16,-3.1278607224214805E-15
0.0103,2.2752827252550825E-16,-2.8771376648710817E-15
0.010320000000000001,2.0345204439727897E-16,-2.636247796680604E-15
0.01034,1.8118379489507918E-16,-2.415817108826279E-15
0.010360000000000001,1.6148139183173437E-16,-2.215891497270743E-15
0.01038,1.4433388529647987E-16,-2.0350616291358673E-15
0.010400000000000001,1.2843845691164905E-16,-1.8621768111727877E-15
0.01042,1.1445067671424375E-16,-1.7043469149932552E-15
0.010440000000000001,1.0222989585674558E-16,-1.5615719405972441E-15
0.01046,9.094106072606308E-17,-1.4316844622173772E-15
0.010480000000000001,8.103330096176681E-17,-1.308216979575579E-15
0.0105,7.233421165058427E-17,-1.1957971338145163E-15
0.010520000000000002,6.433223305753064E-17,-1.0944249249341698E-15
0.01054,5.732704197898615E-17,-1.001608368408847E-15
0.010560000000000002,5.113952448147642E-17,-9.139483186931595E-16
0.01058,4.547585469162897E-17,-8.343718359464444E-16
0.0106,4.052994553418551E-17,-7.628789201686937E-16
0.010620000000000001,3.613087180697781E-17,-6.969247756818274E-16
0.01064,3.212700003900717E-17,-6.35093300549628E-16
0.010660000000000001,2.8639080714677425E-17,-5.791481247565485E-16
0.01068,2.551229351452046E-17,-5.290892483025993E-16
0.010700000000000001,2.2684609886675843E-17,-4.824869663225859E-16
0.01072,2.0227339415753672E-17,-4.391671092557673E-16
0.010740000000000001,1.80051212338831E-17,-4.001063396269739E-16
0.01076,1.600983688107181E-17,-3.653046574362117E-16
0.010780000000000001,1.4280223767792836E-17,-3.325474728636076E-16
0.0108,1.2700922123742604E-17,-3.0239337874059836E-16
0.010820000000000001,1.1294113017973446E-17,-2.7529854081800954E-16
0.01084,1.0077706557551781E-17,-2.5126295909584586E-16
0.010860000000000002,8.955275204396908E-18,-2.2834046074727427E-16
0.01088,7.964121437275588E-18,-2.0747369943779638E-16
0.010900000000000002,7.106973046847209E-18,-1.8878792000416515E-16
0.010920000000000001,6.311548433271134E-18,-1.7221141272703958E-16
0.01094,5.6137451067590084E-18,-1.5630056498840919E-16
0.010960000000000001,5.007223416216282E-18,-1.419336118441507E-16
0.01098,4.446450041122641E-18,-1.2911055329426652E-16
0.011000000000000001,3.955523033434893E-18,-1.1765501663878591E-16
0.01102,3.526341497974311E-18,-1.0671874744752986E-16
0.011040000000000001,3.131250711237492E-18,-9.686861208500303E-17
0.01106,2.7861103687305775E-18,-8.810461055120702E-17
0.011080000000000001,2.482404621101184E-18,-8.020649804405598E-17
0.0111,2.2042214919295906E-18,-7.271624934219193E-17
0.011120000000000001,1.961744266671423E-18,-6.598613759352984E-17
0.01114,1.7468155608585326E-18,-6.001616279807097E-17
0.011160000000000002,1.5510702870118823E-18,-5.4579750628330016E-17
0.01118,1.3808374706561573E-18,-4.94645385899844E-17
0.011200000000000002,1.2287207571320398E-18,-4.487908501165272E-17
0.01122,1.091069524213739E-18,-4.082338989333575E-17
0.011240000000000002,9.716396719656283E-19,-3.7085690621026595E-17
0.011260000000000001,8.639654209634057E-19,-3.360071652996053E-17
0.01128,7.672270758650664E-19,-3.048371968173721E-17
0.011300000000000001,6.834973584071881E-19,-2.773470007635642E-17
0.01132,6.072701175508324E-19,-2.5166911197700518E-17
0.011340000000000001,5.393265845279453E-19,-2.2797314831946627E-17
0.01136,4.806664519362455E-19,-2.0682651325385518E-17
0.011380000000000001,4.2452527114038005E-19,-1.8822920678016834E-17
0.0114,3.73253195931614E-19,-1.705976217371404E-17
0.011420000000000001,3.2734882560093294E-19,-1.5451299835826546E-17
0.01144,2.868121601483443E-19,-1.401908492038081E-17
0.011460000000000001,2.5164319957384104E-19,-1.2763117427376596E-17
0.01148,2.212307670765688E-19,-1.1552845765597553E-17
0.011500000000000002,1.9101875192936472E-19,-1.0462670523732157E-17
0.01152,1.6453166328839391E-19,-9.49413592779397E-18
0.011540000000000002,1.4176950115365173E-19,-8.638360560441723E-18
0.01156,1.2273226552514222E-19,-7.816635669894663E-18
0.011580000000000002,1.0741995640286188E-19,-7.078743199709576E-18
0.011600000000000001,9.402731562026273E-20,-6.424683149886588E-18
0.01162,7.974382971793582E-20,-5.840982013968725E-18
0.011640000000000001,6.746581878380013E-20,-5.284453977635465E-18
0.01166,5.719328281785773E-20,-4.7856300430459196E-18
0.011680000000000001,4.8926221820106887E-20,-4.344510210199999E-18
0.0117,4.2664635790549E-20,-3.9464193042190736E-18
0.011720000000000001,3.660989812331614E-20,-3.56992626898382E-18
0.01174,3.035500249776782E-20,-3.233108872725429E-18
0.011760000000000001,2.5092153258000458E-20,-2.935967115443838E-18
0.01178,2.0821350404014953E-20,-2.664464274705548E-18
0.011800000000000001,1.754259393581054E-20,-2.4100349396469563E-18
0.01182,1.5255883853387824E-20,-2.1828583499481834E-18
0.011840000000000002,1.2602769776041127E-20,-1.9829345056091852E-18
0.01186,1.007685417004266E-20,-1.7977512829799195E-18
0.011880000000000002,8.009570885394108E-21,-1.6259826474471889E-18
0.0119,6.400919922095835E-21,-1.4729166545722487E-18
0.011920000000000002,5.250901280147557E-21,-1.3385533043550714E-18
0.011940000000000001,4.559514959549475E-21,-1.2122266691092662E-18
0.01196,3.2001981929463904E-21,-1.0963730511435653E-18
0.011980000000000001,1.9583443030758433E-21,-9.933437293106473E-19
0.012,8.403989965011522E-22,-9.031387036105322E-19
0.012020000000000001,-1.5363772677787354E-22,-8.16943774095424E-19
0.01204,-1.0237658667610638E-21,-7.388737594286925E-19
0.012060000000000001,-1.7699854234485682E-21,-6.695905196177309E-19
0.01208,-2.392296396840259E-21,-6.088455009327094E-19
0.012100000000000001,-2.8906987869362454E-21,-5.502657592381047E-19
0.01212,-3.2651925937364346E-21,-4.977021247994949E-19
0.012140000000000001,-3.5157778172409E-21,-4.511545976168699E-19
0.01216,-3.6424544574495925E-21,-4.0993752557932153E-19
0.012180000000000002,-3.6140115322626364E-21,-3.7045984338456715E-19
0.0122,-3.5081951040333656E-21,-3.3509852887427754E-19
0.012220000000000002,-3.402378675804085E-21,-3.038535820484468E-19
0.012240000000000001,-3.2965622475748135E-21,-2.7550109599936695E-19
0.012260000000000002,-3.1907458193455333E-21,-2.473184369391477E-19
0.012280000000000001,-3.0849293911162625E-21,-2.2136835051009324E-19
0.0123,-2.979112962886992E-21,-1.9765083671220106E-19
0.012320000000000001,-2.8732965346577104E-21,-1.7616589554546938E-19
0.01234,-2.7674801064284404E-21,-1.5691352700990208E-19
0.012360000000000001,-2.661663678199159E-21,-1.3989373110549566E-19
0.01238,-2.555847249969888E-21,-1.2510650783225304E-19
0.012400000000000001,-2.4500308217406077E-21,-1.1079214884649873E-19
0.01242,-2.3442143935113373E-21,-9.683636587345648E-20
0.012440000000000001,-2.2383979652820564E-21,-8.437811543386515E-20
0.01246,-2.1325815370527863E-21,-7.341739752772695E-20
0.012480000000000002,-2.026765108823505E-21,-6.395421215503992E-20
0.0125,-1.9209486805942342E-21,-5.598855931580581E-20
0.012520000000000002,-1.815132252364954E-21,-4.9520439010023136E-20
0.01254,-1.709315824135684E-21,-4.45498512376931E-20
0.012560000000000002,-1.6034993959064038E-21,-3.837222550535466E-20
0.012580000000000001,-1.4976829676771315E-21,-3.249150492539137E-20
0.012600000000000002,-1.3918665394478515E-21,-2.7358568598522905E-20
0.012620000000000001,-1.2860501112185804E-21,-2.297341652475017E-20
0.01264,-1.2046798126970315E-21,-1.9336048704072656E-20
0.012660000000000001,-1.1818864334612023E-21,-1.644646513649017E-20
0.01268,-1.1590930542253757E-21,-1.430466582200321E-20
0.012700000000000001,-1.1362996749895467E-21,-1.27376037437018E-20
0.01272,-1.1135062957537202E-21,-1.0235108703143125E-20
0.012740000000000001,-1.090712916517891E-21,-8.065480000344665E-21
0.01276,-1.0679195372820642E-21,-6.228717635306799E-21
0.012780000000000001,-1.0451261580462358E-21,-4.724821608029201E-21
0.0128,-1.0223327788104089E-21,-3.553791918512138E-21
0.012820000000000002,-9.995393995745795E-22,-2.7156285667554045E-21
0.01284,-9.767460203387531E-22,-2.21033155275915E-21
0.012860000000000002,-9.539526411029243E-22,-1.6561926024326595E-21
0.01288,-9.311592618670972E-22,-6.153405164766355E-22
0.012900000000000002,-9.083658826312682E-22,3.4613800160185375E-22
0.012920000000000001,-8.85572503395441E-22,1.2282429518026402E-21
0.012940000000000002,-8.627791241596125E-22,2.0309743341258773E-21
0.012960000000000001,-8.399857449237856E-22,2.7543321485714266E-21
0.01298,-8.171923656879589E-22,3.398316395139362E-21
0.013000000000000001,-7.9439898645213E-22,3.9629270738297245E-21
0.01302,-7.716056072163033E-22,4.44816418464242E-21
0.013040000000000001,-7.488122279804742E-22,4.854027727577533E-21
0.01306,-7.26018848744647E-22,5.180517702634991E-21
0.013080000000000001,-7.032254695088187E-22,5.4276341098148515E-21
0.0131,-6.804320902729917E-22,5.595376949117069E-21
0.013120000000000001,-6.576387110371626E-22,5.683746220541682E-21
0.01314,-6.348453318013359E-22,5.6927419240886636E-21
0.013160000000000002,-6.120519525655071E-22,5.6223640597580216E-21
0.01318,-5.8925857332968015E-22,5.495509221780833E-21
0.013200000000000002,-5.664651940938513E-22,5.3672501172369E-21
0.01322,-5.436718148580244E-22,5.238991012692983E-21
0.013240000000000002,-5.208784356221955E-22,5.110731908149051E-21
0.013260000000000001,-4.980850563863688E-22,4.982472803605131E-21
0.013280000000000002,-4.752916771505399E-22,4.854213699061201E-21
0.013300000000000001,-4.524982979147129E-22,4.725954594517281E-21
0.01332,-4.297049186788862E-22,4.597695489973361E-21
0.013340000000000001,-4.0691153944305717E-22,4.469436385429429E-21
0.01336,-3.841181602072302E-22,4.341177280885511E-21
0.013380000000000001,-3.613247809714016E-22,4.212918176341579E-21
0.0134,-3.3853140173557463E-22,4.084659071797659E-21
0.013420000000000001,-3.157380224997459E-22,3.95639996725373E-21
0.01344,-2.929446432639189E-22,3.8281408627098096E-21
0.013460000000000001,-2.701512640280901E-22,3.6998817581658804E-21
0.01348,-2.4735788479226343E-22,3.571622653621958E-21
0.013500000000000002,-2.245645055564345E-22,3.443363549078028E-21
0.01352,-2.0177112632060764E-22,3.315104444534108E-21
0.013540000000000002,-1.7897774708477875E-22,3.186845339990178E-21
0.013560000000000001,-1.5673560522605566E-22,3.0585862354462577E-21
0.013580000000000002,-1.5277321601865323E-22,2.930327130902326E-21
0.013600000000000001,-1.488108268112511E-22,2.8020680263584058E-21
0.013620000000000002,-1.4484843760384875E-22,2.6738089218144777E-21
0.013640000000000001,-1.4088604839644665E-22,2.545549817270556E-21
0.01366,-1.3692365918904457E-22,2.4172907127266362E-21
0.013680000000000001,-1.3296126998164216E-22,2.289031608182705E-21
0.0137,-1.2899888077424009E-22,2.1607725036387854E-21
0.013720000000000001,-1.2503649156683764E-22,2.0325133990948554E-21
0.01374,-1.2107410235943558E-22,1.904254294550935E-21
0.013760000000000001,-1.1711171315203315E-22,1.775995190007004E-21
0.01378,-1.1314932394463108E-22,1.6477360854630844E-21
0.013800000000000002,-1.0918693473722865E-22,1.6201111140248028E-21
0.01382,-1.0522454552982659E-22,1.596428530090366E-21
0.013840000000000002,-1.0126215632242415E-22,1.5727459461559271E-21
0.01386,-9.729976711502215E-23,1.5490633622214898E-21
0.013880000000000002,-9.333737790761965E-23,1.5253807782870509E-21
0.013900000000000001,-8.937498870021762E-23,1.5016981943526142E-21
0.013920000000000002,-8.541259949281515E-23,1.4780156104181752E-21
0.013940000000000001,-8.14502102854131E-23,1.454333026483738E-21
0.013960000000000002,-7.748782107801069E-23,1.4306504425492995E-21
0.013980000000000001,-7.352543187060862E-23,1.4069678586148613E-21
0.014,-6.956304266320649E-23,1.3832852746804254E-21
0.014020000000000001,-6.56006534558041E-23,1.359602690745986E-21
0.01404,-6.163826424840199E-23,1.3359201068115488E-21
0.014060000000000001,-5.767587504099959E-23,1.3122375228771093E-21
0.01408,-5.371348583359754E-23,1.2885549389426727E-21
0.014100000000000001,-4.975109662619513E-23,1.2648723550082338E-21
0.01412,-4.578870741879301E-23,1.2411897710737968E-21
0.014140000000000002,-4.182631821139064E-23,1.2175071871393581E-21
0.01416,-3.7863929003988556E-23,1.1938246032049204E-21
0.014180000000000002,-3.390153979658615E-23,1.1701420192704819E-21
0.0142,-2.993915058918403E-23,1.1464594353360443E-21
0.014220000000000002,-2.5976761381781606E-23,1.1227768514016058E-21
0.014240000000000001,-2.2014372174379527E-23,1.0990942674671688E-21
0.014260000000000002,-1.8051982966977103E-23,1.0754116835327297E-21
0.014280000000000001,-1.4089593759575047E-23,1.0517290995982929E-21
0.014300000000000002,-1.0127204552172618E-23,1.0280465156638536E-21
0.014320000000000001,-6.1648153447705454E-24,1.0043639317294164E-21
0.01434,-2.2024261373684882E-24,9.806813477949794E-22
0.014360000000000001,1.759963070033938E-24,9.569987638605405E-22
0.01438,5.722352277436045E-24,9.333161799261033E-22
0.014400000000000001,9.684741484838437E-24,9.096335959916644E-22
0.01442,1.3647130692240524E-23,8.859510120572274E-22
0.014440000000000001,1.760951989964293E-23,8.622684281227884E-22
0.01446,2.1571909107045016E-23,8.385858441883516E-22
0.014480000000000002,2.553429831444744E-23,8.149032602539123E-22
0.0145,2.9496687521849516E-23,7.9122067631947545E-22
0.014520000000000002,3.345907672925194E-23,7.675380923850363E-22
0.01454,3.742146593665401E-23,7.438555084505991E-22
0.014560000000000002,4.1383855144056404E-23,7.201729245161601E-22
0.014580000000000001,4.5346244351458504E-23,6.964903405817234E-22
0.014600000000000002,4.930863355886091E-23,6.728077566472842E-22
0.014620000000000001,5.327102276626299E-23,6.491251727128471E-22
0.014640000000000002,5.723341197366542E-23,6.254425887784083E-22
0.014660000000000001,6.11958011810675E-23,6.017600048439712E-22
0.01468,6.515819038846958E-23,5.780774209095343E-22
0.014700000000000001,6.912057959587199E-23,5.543948369750952E-22
0.01472,7.308296880327406E-23,5.307122530406579E-22
0.014740000000000001,7.704535801067646E-23,5.0702966910621905E-22
0.01476,8.100774721807852E-23,4.833470851717823E-22
0.014780000000000001,8.497013642548093E-23,4.59664501237343E-22
0.0148,8.893252563288302E-23,4.359819173029061E-22
0.014820000000000002,9.289491484028546E-23,4.122993333684671E-22
0.01484,9.685730404768757E-23,3.886167494340301E-22
0.014860000000000002,1.0081969325509E-22,3.6493416549959094E-22
0.01488,1.0478208246249206E-22,3.412515815651542E-22
0.014900000000000002,1.0874447166989444E-22,3.175689976307151E-22
0.014920000000000001,1.1270686087729654E-22,2.9388641369627804E-22
0.014940000000000002,1.1666925008469896E-22,2.7020382976183887E-22
0.014960000000000001,1.2063163929210102E-22,2.4652124582740196E-22
0.014980000000000002,1.2459402849950347E-22,2.2283866189296303E-22
0.015000000000000001,1.2855641770690557E-22,1.9915607795852592E-22
